subject,alphas,beta_mb,beta_mf0,beta_mf1,beta_stick,beta_s2
39U1BHVTDLRTORDGGEI5UUJ77ZC3TA,0.352616,1.64825,0.168727,0.206677,-0.149927,2.67625
3WMOAN2SRBXF5NAF3S2Z4Q5Y8YAVNI,0.378694,0.254826,0.284556,0.99625,-0.677841,2.28267
3FE2ERCCZX8KIODVIVTDDNGLC9IOPN,0.548227,0.293651,-0.105449,0.954998,-0.594283,1.36242
34T446B1C0EGLIC8B55W3MLWGWS0CJ,0.0636614,-0.200437,0.0513336,0.947987,0.0444208,0.433422
3JMSRU9HQIUBBHX2ATZGE3BPU6OEVR,0.0844572,0.200201,-0.214765,0.850275,0.105616,0.716214
3YJ6NA41JBG6HDMY2I185RZZDQTJP6,0.411453,0.292726,0.0535179,0.416097,0.215782,1.18202
3TDXMTX3CBU2CWKN54HZNQTI56EI6N,0.462038,0.68448,0.0172342,0.984817,-0.255956,2.06504
3LWJHTCVCCMBCN1HJ5PCQYXHPF0QF3,0.439544,0.322115,0.358438,0.571505,-1.16128,1.77508
3GDTJDAPVUBBCTT2JYCPZXWQTD88M6,0.138511,0.845189,-0.126887,1.08966,-0.123926,0.465389
3PDJHANYK5G2G193ZMZENES36RP6H5,0.0485879,-0.153379,0.0641019,0.5643,-0.333901,0.40885
3K9FOBBF2HJC9IYLPO0THH7WIYDNLT,0.546812,0.79199,0.0905552,0.106055,-0.054161,1.76443
33F859I566D8MDQYVDGMYUEVKXZBH4,0.380823,-0.463135,0.0408724,-0.157777,-0.210018,0.477978
3SNLUL3WO4NP48IUMPCFVCZQPWPLU5,0.59487,0.204909,-0.161121,1.22594,-0.194693,1.81168
3Y9N9SS8LYBM72HJUOIQPQ1L4ROD3T,0.218511,-0.442005,0.149057,-0.0304419,-0.369898,1.1394
31N2WW6R9RQJ5MVFLUDGDQ46GLZ3FN,0.385367,0.271082,0.331772,0.632561,-0.847142,1.62755
3JMSRU9HQIUBBHX2ATZGE3BPU7AEVF,0.844477,-0.959063,0.187829,0.356786,-0.372691,0.452203
3JBT3HLQF82WHSR2K44UTLNPXN5ZP5,0.187057,-0.254485,0.0401673,-0.0514991,-1.44863,0.810425
3KIBXJ1WD5UJ7XGF53O5H6UMJ8QKOF,0.252125,1.21663,-0.122612,0.510577,-0.56675,2.05552
3TYCR1GOTCJ6Q7C4SCBNC4E5SCHZLI,0.201652,0.0378448,-0.103057,-0.157529,-0.565351,1.34552
3137ONMDKG5STK77LY0UE28F88LGEO,0.164502,-0.131699,-0.0261019,0.116724,-0.122015,0.629462
3D8YOU6S9EK7LNFNZL6D6THT0ZG6UV,0.23319,1.08482,0.59659,0.206645,-1.08334,1.56319
3SITXWYCNV9583QD0HY81G2P81XBX4,0.270417,0.693306,0.30821,0.827231,-1.86773,1.13358
3Y9N9SS8LYBM72HJUOIQPQ1L4DK3DN,0.335686,0.240292,0.146511,0.821408,-0.398742,1.51411
3I3WADAZ9Q4GPEVCYGKZFHB4MIM5O6,0.157629,0.695234,-0.0403426,1.08418,-0.415988,1.73947
3NLZY2D53PPXCFBD5GSALB21M5ULQZ,0.20514,0.819617,0.422848,0.166216,-0.103638,2.29713
3JRJSWSMQHLRZ8VJQJTAV8J63MP3ED,0.202779,-0.290453,0.228085,-0.0802089,0.088202,0.730926
3EF8EXOTT1V30L3WHGQI4VH1B8HJ1T,0.336705,0.783959,0.189732,0.533316,0.372335,1.5212
3HYA4D452RJUK4ZWHUZBUGZEA792FL,0.0775305,0.42175,0.292039,-0.014584,0.116824,1.13927
3M23Y66PO27R6ANJAGBDRSZ5F2V6SF,0.177102,0.597353,0.635143,0.178674,0.907876,0.751821
30LB5CDZNCATTBNI3JP4EKMHPWMZ0P,0.834592,-0.18414,0.327357,0.579784,0.673286,1.72389
3F1567XTNW52BDA4GJPKG2B6NZM9QC,0.612953,0.211756,0.449055,0.251392,-1.23319,1.10028
3E4GGUZ1T8R50QRAI5Q8ATRJH5Z2KZ,0.0391886,-0.0400419,0.103842,-0.0470902,0.950073,0.148023
34V1S5K3GS191VRK1ABMAXUFMGE69F,0.475678,0.570416,0.249239,0.576466,1.36723,2.34814
3KYQYYSHYV7BTRA5DM2IDTZWZZPDOR,0.357111,-0.0251454,0.189409,1.02898,0.381325,1.45866
30LSNF239UVEUV1MI25WXDC6P1C2IQ,0.542091,0.797979,0.587465,0.36762,-1.37561,1.44854
3TPZPLC3M0CVWZK9ZX9LPKIAIRIP38,0.101852,-0.00113536,-0.0662084,0.0745316,1.71275,0.46596
36NEMU28XFDM2UPKH1SVDDZCAHBWM2,0.0784622,1.33336,-0.0248398,0.3036,-0.91572,0.575246
3KB8R4ZV1E7UMHVNB7Y4DU2U5SRGB5,0.309957,1.25088,0.390723,0.10706,-0.379629,2.57739
3OS46CRSLFZ7Y24N4BGI2FJCE6QV6A,0.166206,0.374971,0.579609,-0.0488702,0.676772,1.51131
35GMH2SV3EHGLXO59HD2JBHHZBREOM,0.169954,0.215131,-0.0870499,0.777613,0.165228,0.609717
3Z7EFSHGN9EOI8IJEHU3C087P54XC5,0.0468338,0.703956,-0.00604354,0.206449,-0.660852,0.872257
3WJEQKOXA82SZS0SNAD5BWEILL3A1K,0.429412,0.221575,-0.11691,1.06625,0.0058008,2.18969
34S6N1K2ZVJKZMCAMQ5GCXA0WM4HLE,0.0969067,0.667994,0.143081,0.854987,0.245464,1.35966
3JNQLM5FT4MGKW9S3529PT4Y73V2LQ,0.510539,-0.12413,-0.0261937,-0.0681954,0.262098,0.832977
3TVSS0C0E10QFPF4QYT7ZRU45N9TWZ,0.551993,0.509162,0.475941,0.950975,0.0191813,2.63072
31UV0MXWNQC6TSK90L7UVKFIAEKI5V,0.375024,1.21013,0.382726,0.506554,-1.13512,2.62641
3EFE17QCRC573Z706Z2HOJOVNCYSHG,0.23805,-0.118617,-0.148305,0.613138,-0.309077,1.1142
39DD6S19JPBSK12CBQOJZ9OLJL3EZ9,0.196197,-0.00640939,-0.058228,-0.0530691,-0.030708,1.21867
3OVR4I9USPJ1E74SZOTTZU0Q1NZQ4K,0.0657594,-0.0438845,-0.0832461,1.26672,-0.666649,0.726011
338JKRMM26Z333L6PZGQ3JUP16THAB,0.0560344,-0.356816,0.000323134,0.316811,0.62342,0.157663
3SB5N7Y3O34T2USDDR1FTD6BEOR0G0,0.162855,0.0513948,-0.00262099,-0.0794172,-0.228889,1.18417
3M1CVSFP605GGWK98P3KCXMQTX3AQN,0.319719,1.15184,0.201721,0.272739,0.606305,1.78427
3JZQSN0I3QAKZY73G9K0WKTFJMZGFU,0.221969,1.60874,0.144586,0.646198,0.481591,2.816
3SNLUL3WO4NP48IUMPCFVCZQQ0PLUE,0.4699,1.49337,0.152222,0.404439,-0.367133,2.4172
3E47SOBEYQWRSDTOFVU29QLS1S8ICY,0.485596,0.601338,0.552205,0.28301,-0.285574,1.71349
3FE2ERCCZX8KIODVIVTDDNGLDIFPO4,0.371139,0.228769,0.076434,1.212,-1.19343,1.2101
3TE3O857308RNU458PZ5B5DXCXCR20,0.615907,1.12237,0.0322047,0.714586,-0.278809,1.82314
30ZX6P7VF8VAP6LS0KQW9ER63EQ2JO,0.546516,0.154861,0.462563,-0.0315438,-0.00161566,1.69779
30OG32W0SUBY3COT82DP4MHC91HEN2,0.348261,1.27142,0.292351,0.621246,-0.93201,2.45283
3YW4XOSQKQLCE1EQTFUWBXQCSO91U1,0.432901,0.693658,0.520017,0.798857,0.109437,2.19086
3S4AW7T80BIQNAOF7JLXI81WRHP4LM,0.137548,0.582755,0.0085537,0.150994,-0.77471,1.30634
3AAJC4I4FGS0VHO4PRZAWP1DNPNJZE,0.18568,0.529049,0.299585,0.585914,-0.15281,1.89657
3HOSI13XHZOKPUJGNDO22ZNXVL2DDE,0.531947,0.801906,0.29714,1.14701,-0.362644,2.51491
3DZQRBDBSLFS9R01REDFKPNL5B83SL,0.0826996,0.251755,-0.0355823,0.501572,1.26475,0.669772
31QTRG6Q2TDWC2HXOI2BFEENRCZYPD,0.377686,0.507,0.19687,0.403053,-0.666735,1.41712
39K0FND3AHFPVHMHGWW3VO2LJXJMAR,0.35045,0.454929,-0.162251,0.759132,-0.0444773,1.75282
3TPWUS5F8919T8DT4CYHAHU0G3YCWR,0.347895,0.575578,0.126716,0.859735,0.312638,1.31879
3PQ8K71NHXKOTGDSJT6YMX7LPFHAAG,0.206876,0.707404,0.0811865,0.262726,-0.375482,1.76943
3VW6495TLJ0QLG9YF5YUS57ZVXMYYN,0.0540359,-0.512091,-0.0068497,0.843127,0.228672,0.36456
3X31TUMD7XM9VBRWK12VKAUTEZU1LO,0.00912021,0.0595987,-0.0103971,0.213023,-0.373614,0.287975
3OXV7EAXLEQNMT24K1ACJKRTNRZ630,0.212664,1.07658,0.0810733,0.143551,-0.00406561,1.90411
3LRKMWOKB5H0PLQWI6TIX8FWMV92ZH,0.349056,0.94239,0.411897,0.570875,-0.0870575,1.95592
3X4JMASXCM9XBDK2X591S2FEYBU0BE,0.460593,2.36871,-0.119126,0.204201,0.00651121,2.96507
34FNN24DCM9SJSZE43TXH8960SI5YE,0.73769,0.961264,0.341132,-0.158609,-0.71591,0.52564
3DZQRBDBSLFS9R01REDFKPNL4DN3S3,0.337188,1.74905,0.229386,0.438492,-0.317883,1.65213
3LPW2N6LKT2B2JF9U2W8EN3T36KU5L,0.221126,0.352839,0.547889,0.311405,0.423385,1.16432
3WETL7AQWT8R3P2QFI07REDTQN753J,0.559618,0.405783,-0.162025,0.92575,-0.134066,1.3441
3EJJQNKU9R5V2K7NRA2CY9JZ1GCRH0,0.266903,1.21294,0.179938,0.447914,0.034501,1.76275
37ZHEEHM6WM6QTG93BF4PYRPIXP73W,0.543468,0.200891,0.156709,1.48154,-0.140723,2.26443
3OHYZ19UGC5DVK7TTCBGNSRQE1LAOP,0.660495,0.701652,0.0753992,0.0688071,-0.211353,1.15423
3CTOC39K37QHB7IY6W7R558EDWNJ7Z,0.170245,0.228598,0.32656,0.61864,0.673806,1.12185
33SA9F9TRXUOQ6X7034C05U319AWER,0.302795,0.248019,0.0904887,1.07437,-1.60884,1.16167
3M68NM076H7F5VN6VRB81IU9S2VR6Y,0.248636,0.915286,-0.0775669,0.204589,-0.320129,1.65266
3G5F9DBFOPXNVRO40U7MZ682MM6VHE,0.253855,1.02662,-0.123706,0.890872,0.28044,1.54771
3YGXWBAF70HXK6U9U6SYFPB9X9J4CG,0.433878,0.709914,0.0743058,1.33515,0.140171,1.82684
3IXQG4FA2TYF778FX1SULDG71Y39BG,0.0203204,0.0580572,-0.0521538,0.755588,0.360214,0.333499
3E337GFOL98WNQKKEX3D4P2OLDKNG7,0.555809,0.610777,-0.0987982,0.974326,-2.31589,0.687682
3UWN2HHPUY5ZDVTB9XXUT3LRASPSNG,0.0121908,-0.1075,-0.000981334,0.268495,-0.524759,0.348015
3U0SRXB7CD5NCGTYU8XP3TGVNTTRNJ,0.622749,0.922862,-0.0409727,0.151098,0.318137,1.67879
3IKZ72A5B4GQ9QOP3DXVM42CK4CNFC,0.412333,0.48013,0.397099,0.858717,-0.164135,2.24124
3RXCAC0YIRPBKJXG8VEUMSCTX5T8GN,0.552432,0.650275,0.201511,0.983644,-0.140534,2.12856
39N5ACM9HENHB19PG6AVGXLWIJR9P8,0.493631,0.356414,-0.0169249,1.33748,-0.30679,1.78164
3S0TNUHWKTI88ZNP65DMG79WKUD8DB,0.570343,0.434309,0.659239,0.364526,0.0775644,1.80733
39N5ACM9HENHB19PG6AVGXLWHLL9P5,0.180852,0.0621712,0.159596,0.151124,-0.195298,0.524581
32M8BPYGATM49P9THHQLZH670IBGIE,0.0131932,-0.100275,-0.0254102,0.580296,1.00403,0.328579
3RGU30DZTA80WAPLA29GON548LFMJA,0.15872,0.136926,0.0153677,-0.074337,-0.227147,0.509924
3483FV8BEEJY1B6LG1W70AM1H8A26M,0.546691,0.205963,0.706938,0.203121,-0.925446,2.57085
3XLBSAQ9Z4C7BMN2OIADTZW4XSI7ZN,0.451248,0.693944,0.448418,0.825881,-0.169985,1.88678
3IHR8NYAM71GEV3DZBE4ZPAGWBY4PW,0.0676759,0.586705,0.116184,1.02636,1.08532,0.607354
37UEWGM5HT8KY9M9PLZR6M3SLUZ1R1,0.232147,0.228191,0.556967,0.608723,0.1697,1.43123
3OS4RQUCR9FO8HZS0NSMV92I3F9BFM,0.318618,0.23604,0.11805,0.236397,-0.0996802,1.06241
3ZQIG0FLQEG5SHJTVTTM09IP2R8VW2,0.169681,0.0150246,0.231325,0.861714,-0.431861,1.45787
39LOEL67OS5AQ7LSDG7A3YNKTMQ38K,0.202468,1.35715,0.0410181,0.338183,0.202921,1.87063
32KTQ2V7RDFBQYCCOQI3ZTR1DXB9M9,0.110058,0.582486,0.314476,-0.344271,1.8805,0.934936
3V0Z7YWSIY0JG1LMH94FC220Y1OV2T,0.271383,0.517127,0.362696,0.329975,0.285436,1.29088
3ZAZR5XV01IDN3IYFZIO9LOIXZTCZW,0.196463,0.36508,0.240991,0.222661,-2.08322,1.42342
3RRCEFRB7MCEA123G6W3455RFNAB45,0.239688,-0.250182,0.222026,0.235247,-0.498755,0.106265
30BXRYBRP4X0AGO9Q4CIL8RGUTGWHU,0.379809,0.631237,0.181434,0.767482,-0.516385,2.11722
3JCG6DTRV3Q83CRQXL062X1VXFRQQC,0.253902,-0.159972,0.0530932,0.603292,2.29496,0.772491
3B2X28YI3WFSPO6HZUPI13P5BEFB6P,0.366135,0.808569,0.719965,0.184057,0.490458,2.29583
3E337GFOL98WNQKKEX3D4P2OMMTNGZ,0.217065,0.503299,0.176497,0.391806,-0.480068,1.54723
3U088ZLJVKTPZGIDSW5XFGSZ73ZW0U,0.496125,0.173722,0.178088,0.0390826,-0.290327,1.11739
3IGI0VL647KKF31I2GGL9YBQD3HNO9,0.459281,0.565903,0.319542,0.949225,0.393359,1.66276
3QXNC7EIPIVENK55ZLV51WKOABT90F,0.349524,-0.0154734,0.248211,0.299537,0.101582,0.738654
3HMIGG0U4L6B6AIG2100TSJX2JY8Y0,0.424874,0.0286588,0.938389,0.834244,-0.367653,2.20234
3SITXWYCNV9583QD0HY81G2P8IEXB5,0.530679,0.535729,0.15539,0.897361,0.983538,1.7373
3QAPZX2QN4D3N0K6ECGQR9CA457022,0.20325,1.40742,0.518585,0.514869,-1.30589,1.9098
31Q0U3WYDPFAGQ2UG71L15CSKD917W,0.410898,0.608036,0.607444,0.622282,0.0614387,1.83175
3K3R2QNK8B3U36HLXS9PQ38VQ5Q9UL,0.170047,0.983441,0.16875,0.297388,-1.85247,1.03949
3LWJHTCVCCMBCN1HJ5PCQYXHQW6FQX,0.00260512,0.0981503,0.00281112,-0.145445,-1.9928,0.275597
3KAKFY4PGU23FDX5M2J1GNHYWDRI3T,0.530791,0.748039,0.0452058,1.28809,0.0346126,1.7283
35GCEFQ6I5OPA3MFM67NGIKORHMZ3H,0.411327,1.68,-0.0455703,0.715608,-0.268832,2.53345
35USIKEBNRGUQXVE2KURSYPZR596NS,0.246131,0.787021,0.104019,0.223129,-0.341775,1.36769
3GA6AFUKOOO3JIMLGK1GGBGJV2WH3M,0.445062,0.945698,0.333389,0.336601,-2.77151,1.24154
32ZKVD547FNTS5JZGSRKU0DL1NH3BF,0.721143,0.277928,0.116795,0.729764,-2.98203,1.17677
34QN5IT0TZRE9FMVUTPR10PDQAC08S,0.303238,0.121853,0.301272,0.332762,-0.0950961,1.24731
3KXIR214I4GKMO27XD3S3C2NLMT422,0.133955,0.262421,0.0408529,0.348001,1.02053,0.170656
33IZTU6J8114PP7FB3K3R5CPB8GSXK,0.310387,0.149278,0.152204,1.28567,-0.0272944,1.33044
3IUZPWIU1O7RC6PHWPFFY078MT9KWD,0.298008,0.329111,0.159051,0.669171,-0.379554,1.53726
3R0T90IZ1SCDWMNTP7UZOE8CNDBGCW,0.582292,0.419618,-0.00562246,0.134308,-0.478202,0.992292
32EYX73OY09076D7R99BHO8PWMURUE,0.0106489,0.308261,0.0024886,0.249356,-0.2093,0.26
3I2PTA7R3TUMS9TVKGG96BPMYE3KQS,0.155536,0.533847,-0.175784,0.637948,1.08831,1.05761
3KKG4CDWKIYVM8N6IMI7DZA1R8L498,0.183303,1.3653,0.0210135,0.278573,0.1683,1.46302
3GNA64GUZE4JAQ8SDTC34M641JY5Q8,0.288606,0.0544011,0.0477952,1.31637,-0.265924,0.920845
3XLBSAQ9Z4C7BMN2OIADTZW4XST7ZY,0.228404,0.078879,-0.0208671,0.515288,-0.0672806,1.63315
3KJYX6QCM9BJMXJUOUA7BJOH0HIJVM,0.226933,-0.00583508,0.0288951,0.0494231,-1.01696,0.391455
33CUSNVVNNCWR4RYPX26UFVV9OC887,0.223473,0.753098,0.223491,0.171572,-0.500945,2.11102
3JV9LGBJWTEE5BKWFC3QJE2TBTYGO0,0.32025,0.599503,0.00853809,0.901879,1.10355,1.52241
31QNSG6A5RTSRQMFFSA0GFZ0XF3872,0.410558,0.258044,0.241614,0.62924,1.15891,1.81197
3RSDURM96AMSFBS7F4M0L2FJCNNEYX,0.491015,0.315658,0.109485,0.773521,-1.18226,1.46122
3TS1AR6UQQE165W2N6G6Q7GMKQ97FP,0.519876,0.207643,0.166795,0.378337,-0.546063,0.903204
36TFCYNS44AFZGTZ0984NR5N3VLXHN,0.156079,-0.164173,0.401998,-0.146417,1.01543,1.23095
3D4CH1LGEATBYOGQDNK8MO74HBRG90,0.448202,0.863793,0.40018,0.549245,0.546327,2.29549
34YB12FSQYOQ58ZK2WODRADOGNRGMH,0.379543,0.153237,0.743016,0.293414,-1.18211,1.60259
3UN61F00HWPJMRNSQ8139CG9X5XR5S,0.203015,0.951444,-0.132144,0.303252,-0.38652,1.67205
3GA6AFUKOOO3JIMLGK1GGBGJVWJ3HJ,0.289869,0.749282,0.158771,0.273104,0.398702,0.957263
3QHK8ZVMIMIA899OMYVKQM721SVBLQ,0.327542,-0.376976,-0.0839689,0.113757,0.327385,0.678938
3EFVCAY5L39LBLNHG1ZXJ549PJB8J0,0.510646,0.137319,0.190363,0.434097,0.489423,1.2861
33PPUNGG385HT57HXW8JYGN4X6BZRG,0.0517728,0.104049,0.0452724,0.640176,-0.433481,0.68779
3X4JMASXCM9XBDK2X591S2FEYGP0BJ,0.207686,0.926272,0.0726164,-0.0622051,0.650259,1.23235
3I02618YA06FVTXSEH5MCT8AV42PUG,0.475021,0.403753,0.272078,0.625943,0.0274702,1.50667
35USIKEBNRGUQXVE2KURSYPZS8X6NN,0.286686,0.118192,-0.016858,0.182918,-1.37324,0.615596
3E4GGUZ1T8R50QRAI5Q8ATRJIMM2KL,0.261189,0.360755,0.334033,0.221557,-0.089339,1.34005
3Q5ZZ9ZEVOFD4M8WRZV3IVL46FX85O,0.137675,0.341008,-0.0832766,0.729983,-0.30184,0.665202
3AZHRG4CU4KS8IGPICUVAJH2AJJ30S,0.354452,0.316824,0.3166,0.515222,-1.88872,0.680776
3JPSL1DZ5SZVDZ7HSXB383RLNOIAN5,0.59192,0.536202,-0.00129838,0.781643,0.0942633,1.15444
36DSNE9QZ5YOWDAXNIOTGRU94JJJO8,0.0407581,0.151245,0.0443858,0.170984,1.07308,0.511221
3EKVH9QMEY4XMKL0QO4L6GWTYZND2P,0.352409,0.559194,0.313632,1.18651,-1.18726,1.87171
3IJXV6UZ1XJVYFI7XSKXYLKE1T6RI8,0.521152,0.307128,0.193065,0.246526,-0.803918,1.80634
35K3O9HUABDMFKBCAEUCWH837FTEF3,0.192916,0.397008,0.0744931,0.383095,-1.04104,1.74134
3FPRZHYEPY781JH5L9IKVC7S3IB3V4,0.477948,0.239123,0.387897,0.586967,-0.538665,1.51335
3S96KQ6I9M4R6JFD93OH735JXWZTDZ,0.570124,0.490419,-0.0309507,1.38924,-0.344163,1.95536
354P56DE9K3AAA1OTQG5X6Z1AWXS7K,0.206327,-0.0123422,0.0795072,0.779389,-0.743697,0.835552
3VFJCI1K4ZZH2OCC74KUD97YNFXRGY,0.144983,0.74448,0.114475,0.394005,-0.219577,1.46472
3KWTYT087038JTSFLO47N07ARDO5LW,0.183057,1.52661,-0.00185706,0.183602,0.505206,1.80833
3LJ7UR74RHDGBAR0JW1CV05LWHJ4NS,0.592473,0.630376,0.0916999,-0.0496436,0.0258911,1.15983
3IHR8NYAM71GEV3DZBE4ZPAGWREP4T,0.115073,0.193755,-0.0800144,0.0700279,-0.386095,0.74738
36PW28KO4ZWRJTU4ZY8KIGXCAUQEAQ,0.279912,1.38971,0.209581,0.592603,-0.212952,1.66073
3DZQRBDBSLFS9R01REDFKPNL5BR3S4,0.377808,0.869919,0.862336,0.126658,-0.278679,2.46925
3IXEICO792JSLA0YZGG31XVRH466T3,0.490934,0.836203,0.465652,0.60399,-0.774887,1.8446
3VHP9MDGRNK7IMRYENOH6T80MY7CFP,0.532936,0.199346,0.304003,0.587697,-0.0960131,1.82186
3DYGAII7PL8N30QBX8LH2SBLRLLQP4,0.768751,0.436042,0.425324,0.418052,-1.22009,2.0966
3TUI152ZZBNKM879C6AR1WTNO5LQ16,0.0979006,-0.241361,0.0104726,0.68055,0.00945141,1.38932
35LDD5557A4V7UV3SN9SP25HOD0KMZ,0.516141,1.23515,0.269157,0.750107,-0.850937,2.23193
33L7PJKHCGYFPOJMSVD1LBRIMJM8TK,0.141988,-0.00942566,0.0320048,0.144784,1.01978,0.911347
3EFE17QCRC573Z706Z2HOJOVOLDHS3,0.193213,0.202894,0.189223,0.618659,-0.398522,0.922372
3U4J9857OEBBTOKMI4UA7HP16Q97BW,0.365155,0.653841,0.130124,0.0542104,0.0836698,2.19487
37M28K1J0QDZU9GWDZJBFWA4F2AAJV,0.251404,0.499641,-0.0597825,0.75941,-0.605779,1.49194
31Z0PCVWUKFBPAE3IQLV7BVNBSM7TO,0.419011,0.368801,0.207416,1.28084,0.0551565,2.30553
3QAVNHZ3EM45PZ4WGKVOVBNWJRKAL2,0.0608843,1.36506,-0.058499,-0.0377548,-0.394041,0.837503
35L9RVQFCOINICZ4V4XH3K6J9DWUHK,0.290751,0.218982,-0.0612162,-0.0143398,-0.822053,0.576803
3I2PTA7R3TUMS9TVKGG96BPMYSFQK2,0.480469,0.0807547,-0.192229,0.760231,-0.0999959,1.52652
34S6N1K2ZVJKZMCAMQ5GCXA0WM5HLF,0.493919,0.10619,0.284335,0.185858,0.0584293,1.1372
3N4BPTXIO8SEK20C1P0EGCMB1U8KUM,0.0909928,-0.463879,0.315209,1.1855,1.33589,1.1347
3WEV0KO0OMSQRJ2YK3JRXY9XWOFDSB,0.420257,0.537178,0.248085,0.268816,-0.327715,0.986375
3G0WWMR1UVKN0FEYHT8PY36QS45QNQ,0.345491,0.0673555,0.415813,1.01758,-0.470675,2.46299
3DYGAII7PL8N30QBX8LH2SBLSO2PQR,0.146068,0.403732,0.334001,-0.340691,-1.08833,1.22128
33FOTY3KEMLGS7XQ7O9WHR46KQF1C7,0.308921,-0.0636217,0.187749,0.234605,0.09019,1.02207
3OHYZ19UGC5DVK7TTCBGNSRQEWIAOC,0.296523,0.313141,0.245001,0.810125,0.390311,0.863639
3EICBYG644WNNODUXDF2LR0SE7WCJ3,0.15977,0.239149,0.170234,0.822701,0.711811,1.21062
3BV8HQ2ZZW1N6E1PTGPM6S5ZT1R6AW,0.211371,0.347824,0.173483,-0.0160605,-1.8562,0.66604
382M9COHEHFBY28253PBIH96HGBUED,0.236341,0.63875,0.117989,0.516588,-1.66366,1.53485
3TAYZSBPLL83O94INEZA1FITYZJ2SN,0.236688,0.251808,0.185948,1.0509,0.515164,1.87581
36TFCYNS44AFZGTZ0984NR5N3VAHXW,0.61045,0.225621,-0.141606,0.620924,0.00757539,2.41342
3E337GFOL98WNQKKEX3D4P2OLJ9GN1,0.425708,0.389227,0.0407539,1.45072,-0.0950802,1.62161
3WS1NTTKEYCNOUWI27VXBS6ZD9I0FS,0.427812,1.09382,-0.0162089,0.8123,0.0372123,2.31605
3YHH42UU5BF9OM6EOIYV65BJAO60L1,0.195594,1.13873,0.0873215,0.409009,-0.734017,0.986612
3MHW492WW0D9N5PFRRNZRBGY4P2VMJ,0.254036,0.281488,-0.104223,0.158795,0.177939,1.90714
3GFK2QRXX9HOUN4EP2B9WBOQPKF5WC,0.338373,0.797314,0.405648,0.698235,-0.23165,2.34301
3UN61F00HWPJMRNSQ8139CG9XA4R59,0.555372,0.516879,0.299784,-0.230419,0.382423,0.728959
3018Q3ZVOIQGSXZ9L4SKHNWVPJAART,0.526708,0.470113,-0.0341476,-0.0125466,-0.131689,0.481547
3E7TUJ2EGCM8M46ZBXJ0G34741DD9P,0.310738,1.4933,0.485218,0.195726,0.0732159,2.54304
3HVVDCPGTESU4UA45ZBVKOFKGV1TYQ,0.122013,-0.21829,0.00797704,0.937152,-0.496714,1.79033
30LSNF239UVEUV1MI25WXDC6P1A2IO,0.376642,1.26528,0.0568026,0.511026,-0.33113,2.10565
3C44YUNSI1PTERM6SMFX2T4M9OEDP5,0.61977,0.506029,0.171319,0.776968,-0.141593,2.34262
3A1COHJ8NJVPKFSRS1WC7SOUCNP8H5,0.24513,0.292109,-0.113755,0.921957,0.315516,1.75245
3WQQ9FUS6AUFT2P5S9MGLHLWGBXB86,0.238329,1.49591,-0.233406,0.404329,-0.479567,1.8182
3NAPMVF0ZWFH5BKQZB1Z6OMXBLQ27K,0.317486,0.805647,0.252868,0.62504,-1.07879,2.48292
32ZKVD547FNTS5JZGSRKU0DL1N1B37,0.345548,0.960222,-0.015198,0.617763,0.661267,1.99559
3ERMJ6L4DYS7CFOJ9TKJLX0VI7E7MM,0.0840105,-0.452919,0.160523,0.895359,-0.667364,1.29886
3EO896NRAWV495F5JZASA10W3AKTJQ,0.511341,1.11139,-0.234645,1.19716,-0.234314,2.13938
3VE8AYVF8MX56J1LXB8C47CHV9DF8G,0.391836,0.0956084,0.382375,1.21175,0.448362,2.23564
3PMBY0YE273YHC0LB1OPWXMPJJ59CP,0.167062,-0.0432805,0.262247,0.528754,-0.0762507,1.61437
3L4PIM1GQTGHOFXC1A60K9E2STMRYV,0.253686,0.46247,0.190693,1.14481,0.113247,1.74038
3R3YRB5GRF388PRQPYNPMYJFVKCUAI,0.20405,0.155658,0.388499,0.519589,-0.818976,1.6469
3F6HPJW4JD0WVQLR7J9BY4LE5FZ2WT,0.241648,0.658357,-0.0190906,0.742308,-0.426831,1.35614
3ZPBJO59KP111AOI997STK2VND4HD0,0.305701,0.727099,0.170081,0.845018,0.318713,1.99898
3YGXWBAF70HXK6U9U6SYFPB9W4XC4R,0.467579,0.477201,0.42484,0.604731,-0.0986071,2.33941
34T446B1C0EGLIC8B55W3MLWGWMC0P,0.189964,1.37104,0.174555,0.691288,0.906702,1.32224
3ZSY5X72NXB5U1TAVNX2IIG0EJWROT,0.214015,0.647811,0.273897,0.502521,0.748178,1.5249
33F859I566D8MDQYVDGMYUEVKSZHB0,0.501392,0.370975,0.0971794,1.37455,-0.507407,1.6604
31JLPPHS2UUDBZ88KXW60KDK8RZO3D,0.506659,0.464323,0.394915,0.757512,-0.846454,2.28717
3FIJLY1B6U4QCB02JSANQT77LH4PFY,0.386763,1.20973,0.294506,0.134611,0.025148,2.09224
38F5OAUN5NCLK1N8IW46TSSZ04I7HH,0.389333,0.258892,0.309107,-0.121416,0.93213,0.620987
3JNQLM5FT4MGKW9S3529PT4Y78O2LT,0.200717,0.227971,0.157817,0.350684,-0.390447,0.971661
3X31TUMD7XM9VBRWK12VKAUTFGXL1A,0.203776,0.979457,-0.129272,0.353572,0.203525,1.41462
39GXDJN2OTEU2GNBXQDGMTF3J3MV85,0.228067,0.30994,0.0640984,0.748227,0.10324,1.67891
3VAR3R6G1P1ZCWEEWER2R1LVORIO8O,0.261731,0.296011,-0.0757559,1.02433,-0.114115,1.04719
32SVAV9L3F9O9VE7AEROZPTFJ5U3AI,0.22051,0.164616,0.269027,0.275541,-0.511734,1.81791
3GFK2QRXX9HOUN4EP2B9WBOQPKPW5D,0.281291,0.198512,0.0237957,0.594345,-0.385714,0.975458
37U1UTWH9VM2996UO686LWQ0ZVDR89,0.599307,0.485645,0.10476,0.500248,-0.717723,1.32558
351SEKWQS0HNTOPT06N5LPAR4IRDMV,0.403953,0.37634,0.178295,0.857571,-0.209957,1.97184
34T446B1C0EGLIC8B55W3MLWFY80C2,0.411691,0.786803,0.159765,0.244382,1.53809,1.00352
378XPAWRUCD3ZYWQVHYB3VV42NJAIH,0.210345,0.567872,-0.0901319,0.367856,-0.30581,1.46176
3A7Y0R2P2OOBQMOPO9BPZ4L2GNCXJF,0.411829,1.4346,0.0348203,0.814478,-0.665221,2.76653
33LK57MYLT5TUK7UCL8OOQS0J8USZX,0.460514,0.329911,0.498719,-0.0713046,0.0140789,1.84472
3RJSC4XJ10UVMX3TWVIOPGFMNH405C,0.101777,0.388322,0.117614,0.223569,-0.64033,0.958334
3AMW0RGHOD2203DJHGT0YYGGNRTNP8,0.155974,0.174407,-0.037652,0.0718437,0.09147,1.08129
3T111IHZ5EQ2NEP4TYEKLSLBI4E9R4,0.365943,0.469645,-0.188703,0.914171,0.0970702,1.41544
3VE8AYVF8MX56J1LXB8C47CHW7N8FG,0.439803,-0.115383,0.252724,0.498817,-0.281184,1.29854
3RJSC4XJ10UVMX3TWVIOPGFMOF250C,0.150747,0.630202,-0.00187602,0.5325,1.09427,1.55873
3NPFYT4IZC41ZKYOG3QM2RTMNXPXG8,0.20069,0.515005,-0.0248566,0.154361,-0.397329,0.862563
39GAF6DQWR0CRG3QY5417JSV6EQV1U,0.567944,0.444949,0.15086,1.12747,-0.167839,1.63899
3ATPCQ38J8APPYBVZZKEPJPSSPMYAI,0.236129,0.0821722,0.209474,0.855082,0.523181,1.80349
3YZ8UPK3VTMW14OO9CJGST93WLVUCF,0.0762975,0.449534,0.244544,0.688,0.0916622,1.61432
3KRVW3HTZNLTVD8BXWIUGOWR52JSMK,0.39668,0.809481,-0.174164,0.999636,-0.277462,2.39192
3E13VNJ1NNV75AJQZY5ISU21YTM1IT,0.472775,0.462973,0.138215,0.415509,0.656869,1.73512
3NOKK93PR18U96BGF3A6EZN3V9AEE7,0.275965,0.528585,0.528356,0.613779,-0.619596,1.6082
3TVSS0C0E10QFPF4QYT7ZRU45S5TW5,0.451914,0.44738,0.0414292,0.45752,0.588104,1.38102
3634BBTX0OUYVPDY6XK3HW6VZNKFIR,0.327936,0.173471,0.236383,0.534878,-0.76396,0.704333
3YOH7BII097EXHPC6FAJCYOUFK7VKE,0.293525,1.42252,-0.0687737,0.266838,-0.137481,2.08549
3NGI5ARFTT5ZMW6UCTV21R3DK72P1E,0.0557617,-0.316764,0.0468831,-0.0167219,0.0235839,0.768123
31T4R4OBOSGU3TCSW4Q5I1VJNDM7CJ,0.518486,0.988839,0.132133,0.495585,-0.0408221,1.77843
